{
    "camera": {
        "fov": 50,
        "position": [
            -0.1745653748512268,
            0.10334055125713348,
            0.5236526727676392
        ],
        "target": [
            -0.003844684602235901,
            0.013965545701003612,
            -0.027855722261174137
        ]
    },
    "background": {
        "color": [
            0.4,
            0.4,
            0.4
        ]
    }
}